"id","contents","draft","page_template","modified","created"
"1",,,"top_page","2024-11-11 15:45:25","2024-11-04 12:19:41"
"2",,,"about","2024-11-12 09:36:11","2024-11-04 12:19:41"
"3","<h2>サービス１</h2>

<p>サービスの案内文がはいります。サービスの案内文がはいります。サービスの案内文がはいります。 サービスの案内文がはいります。サービスの案内文がはいります。サービスの案内文がはいります。 サービスの案内文がはいります。サービスの案内文がはいります。サービスの案内文がはいります。 サービスの案内文がはいります。サービスの案内文がはいります。サービスの案内文がはいります。</p>

<p>サービスの案内文がはいります。サービスの案内文がはいります。サービスの案内文がはいります。 サービスの案内文がはいります。サービスの案内文がはいります。サービスの案内文がはいります。 サービスの案内文がはいります。サービスの案内文がはいります。サービスの案内文がはいります。 サービスの案内文がはいります。サービスの案内文がはいります。サービスの案内文がはいります。</p>

<p>サービスの案内文がはいります。サービスの案内文がはいります。サービスの案内文がはいります。 サービスの案内文がはいります。サービスの案内文がはいります。サービスの案内文がはいります。 サービスの案内文がはいります。サービスの案内文がはいります。サービスの案内文がはいります。 サービスの案内文がはいります。サービスの案内文がはいります。サービスの案内文がはいります。</p>",,,,"2024-11-04 12:19:41"
"5",,,"price","2024-11-12 09:43:14","2024-11-04 12:19:41"
"6","<h2>サービス２</h2>

<p>サービスの案内文がはいります。サービスの案内文がはいります。サービスの案内文がはいります。 サービスの案内文がはいります。サービスの案内文がはいります。サービスの案内文がはいります。 サービスの案内文がはいります。サービスの案内文がはいります。サービスの案内文がはいります。 サービスの案内文がはいります。サービスの案内文がはいります。サービスの案内文がはいります。</p>

<p>サービスの案内文がはいります。サービスの案内文がはいります。サービスの案内文がはいります。 サービスの案内文がはいります。サービスの案内文がはいります。サービスの案内文がはいります。 サービスの案内文がはいります。サービスの案内文がはいります。サービスの案内文がはいります。 サービスの案内文がはいります。サービスの案内文がはいります。サービスの案内文がはいります。</p>

<p>サービスの案内文がはいります。サービスの案内文がはいります。サービスの案内文がはいります。 サービスの案内文がはいります。サービスの案内文がはいります。サービスの案内文がはいります。 サービスの案内文がはいります。サービスの案内文がはいります。サービスの案内文がはいります。 サービスの案内文がはいります。サービスの案内文がはいります。サービスの案内文がはいります。</p>",,,,"2024-11-04 12:19:41"
"7","<h2>サービス３</h2>

<p>サービスの案内文がはいります。サービスの案内文がはいります。サービスの案内文がはいります。 サービスの案内文がはいります。サービスの案内文がはいります。サービスの案内文がはいります。 サービスの案内文がはいります。サービスの案内文がはいります。サービスの案内文がはいります。 サービスの案内文がはいります。サービスの案内文がはいります。サービスの案内文がはいります。</p>

<p>サービスの案内文がはいります。サービスの案内文がはいります。サービスの案内文がはいります。 サービスの案内文がはいります。サービスの案内文がはいります。サービスの案内文がはいります。 サービスの案内文がはいります。サービスの案内文がはいります。サービスの案内文がはいります。 サービスの案内文がはいります。サービスの案内文がはいります。サービスの案内文がはいります。</p>

<p>サービスの案内文がはいります。サービスの案内文がはいります。サービスの案内文がはいります。 サービスの案内文がはいります。サービスの案内文がはいります。サービスの案内文がはいります。 サービスの案内文がはいります。サービスの案内文がはいります。サービスの案内文がはいります。 サービスの案内文がはいります。サービスの案内文がはいります。サービスの案内文がはいります。</p>",,,,"2024-11-04 12:19:41"
"8",,,,"2024-11-12 09:35:38","2024-11-12 09:35:38"
